location,count,link
"scores",26,"https://uidaholib.github.io//bukvich-project/browse.html#scores"
"parts",24,"https://uidaholib.github.io//bukvich-project/browse.html#parts"
"sketches",21,"https://uidaholib.github.io//bukvich-project/browse.html#sketches"
"aux",19,"https://uidaholib.github.io//bukvich-project/browse.html#aux"
"typeset parts",18,"https://uidaholib.github.io//bukvich-project/browse.html#typeset%20parts"
"handwritten score",14,"https://uidaholib.github.io//bukvich-project/browse.html#handwritten%20score"
"handwritten parts",13,"https://uidaholib.github.io//bukvich-project/browse.html#handwritten%20parts"
"typeset score",12,"https://uidaholib.github.io//bukvich-project/browse.html#typeset%20score"
"concert handwritten score",7,"https://uidaholib.github.io//bukvich-project/browse.html#concert%20handwritten%20score"
"handwritten concert score",3,"https://uidaholib.github.io//bukvich-project/browse.html#handwritten%20concert%20score"
"transposed typeset score",2,"https://uidaholib.github.io//bukvich-project/browse.html#transposed%20typeset%20score"
"chart",1,"https://uidaholib.github.io//bukvich-project/browse.html#chart"
"transposed handwritten score",1,"https://uidaholib.github.io//bukvich-project/browse.html#transposed%20handwritten%20score"
"handwritten percussion score",1,"https://uidaholib.github.io//bukvich-project/browse.html#handwritten%20percussion%20score"
"condensed score",1,"https://uidaholib.github.io//bukvich-project/browse.html#condensed%20score"
